depth,use_checkpoint,median_s,mean_s
2,False,0.009749873999908232,0.01026215673327897
2,True,0.014989849999892613,0.01711336279998553
4,False,0.017241345000002184,0.01842611920002734
4,True,0.029176970999969853,0.02918243033333662
8,False,0.03670685300016885,0.03890760466668629
8,True,0.058252056999890556,0.06157436166668049
16,False,0.10831348900001103,0.09757221893337373
16,True,0.11570449100008773,0.1163884764000007
32,False,0.1321799849999934,0.1523891464666728
32,True,0.2299913540000489,0.22973699459997382
