sweep,batch_size,device,median_s,mean_s,min_s,max_s
cnn_batch_size,16,cpu,0.012269372999980988,0.012372503199998164,0.01183733900001016,0.012797116000001552
cnn_batch_size,16,cuda,0.012577114500004427,0.012661967100001448,0.012271001000044635,0.013277479000009862
cnn_batch_size,64,cpu,0.04339579749998279,0.04347979630000509,0.042813834000014594,0.04414287000003014
cnn_batch_size,64,cuda,0.01692267499998934,0.01633330239999964,0.013319969999997738,0.01873373400002265
cnn_batch_size,256,cpu,0.1969211305000158,0.2049345576000121,0.16997080999999525,0.2551441100000602
cnn_batch_size,256,cuda,0.02919805100003714,0.03441552009999214,0.027047593000020242,0.0584228489999532
cnn_batch_size,1024,cpu,0.9746784170000069,0.9676718522999976,0.88242422299993,1.0062737740000784
cnn_batch_size,1024,cuda,0.10318087100006323,0.11024543420003283,0.10224503899996762,0.1607317210000474
cnn_batch_size,4096,cpu,4.392735415000004,4.621079073200008,4.281168698999977,5.926539232999971
cnn_batch_size,4096,cuda,0.4736226809999948,0.5155256605999853,0.4140473910000537,0.8287561149999192
