sweep,n,device,median_s,mean_s,min_s,max_s
matmul,64,cpu,0.00016943199997854208,0.00016249410001023534,0.00013703000001896726,0.00018917799997097973
matmul,64,cuda,0.0006386194999947747,0.0006425664999937907,0.0006269390000284147,0.0006836329999941881
matmul,128,cpu,0.0006841439999618615,0.000673684499980709,0.00034959199996364987,0.0008835529999942082
matmul,128,cuda,0.0007230195000147432,0.0007374775999892336,0.0006499299999518371,0.0008839739999757512
matmul,256,cpu,0.002647337500008007,0.0026471792999871015,0.002441386999976203,0.002737467999963883
matmul,256,cuda,0.0012493509999842445,0.0012573046999989402,0.0012319409999577147,0.0012995349999869177
matmul,512,cpu,0.016670229499965217,0.016809009999997217,0.016261174000021583,0.017370659999983218
matmul,512,cuda,0.010388804999990953,0.010397934499997064,0.010359019999953034,0.010533907999956682
matmul,1024,cpu,0.07191578999996295,0.08083341829998858,0.06986792399999331,0.1300815320000197
matmul,1024,cuda,0.033428702499975316,0.03456788719999508,0.0316607729999987,0.03890211600003113
matmul,2048,cpu,0.528802080499986,0.5286558238000054,0.5234746000000428,0.5325649840000324
matmul,2048,cuda,0.20657882599999766,0.20658322160000467,0.20654768499997544,0.20663451900003338
