sweep,n,precision,median_s,mean_s,min_s,max_s
matmul,64,fp32,0.000353582999991886,0.0004018389000066236,0.0002820830000018759,0.0007197699999323959
matmul,64,fp16,0.00025124800004050485,0.0002802243999894927,0.00023942099983287335,0.0005028799998854083
matmul,128,fp32,0.00032837250000739004,0.00039247959998647277,0.0002845389999492909,0.0006946969999717112
matmul,128,fp16,0.00026903399987077137,0.00026946449997922173,0.0002455809999446501,0.0003108019998308009
matmul,256,fp32,0.00037514100006319495,0.000408901800028616,0.0002946950000932702,0.0006538459999774204
matmul,256,fp16,0.00032071599991922994,0.0003421603999640865,0.00030177399980857444,0.0005329129999154247
matmul,512,fp32,0.0006723510000483657,0.0006443078999836871,0.0004744159998608666,0.0007327999999233725
matmul,512,fp16,0.0005035720000705624,0.000509192799995617,0.0003738689999863709,0.0007464450000043144
matmul,1024,fp32,0.0025952734999918903,0.0026007358999777354,0.0025845039999694563,0.0026414660001137236
matmul,1024,fp16,0.0007737639999731982,0.0007073432000197499,0.0005102580000766466,0.0008280160000140313
matmul,2048,fp32,0.01337591950004935,0.014811481500032642,0.013324956999895221,0.018306563000123788
matmul,2048,fp16,0.0018237400000771231,0.001842561500006923,0.0018152229999941483,0.0019134839999424003
