sweep,batch_size,precision,median_s,mean_s,min_s,max_s
cnn_batch_size,16,fp32,0.012882315000069866,0.013030034000007618,0.012678623999818228,0.014325826999993296
cnn_batch_size,16,fp16,0.013547191500038025,0.01462723300005564,0.0129845099997965,0.02108291000013196
cnn_batch_size,64,fp32,0.013527921500099183,0.01396836270005224,0.012476726000159033,0.01909788399984791
cnn_batch_size,64,fp16,0.01383884200004104,0.014496008399987659,0.013517851999949926,0.019601228000055926
cnn_batch_size,256,fp32,0.01735944150004798,0.01666396939999686,0.013434126999982254,0.020332029999963197
cnn_batch_size,256,fp16,0.014027772499957791,0.01435389559999294,0.013735589999896547,0.016448757000034675
cnn_batch_size,1024,fp32,0.02277096950001578,0.022941076499978407,0.021948560000055295,0.02513384799999585
cnn_batch_size,1024,fp16,0.017381498500071757,0.017379579800012833,0.016911031000063304,0.017780116000039925
cnn_batch_size,4096,fp32,0.08413070200003858,0.14263348350002616,0.08239598900013334,0.4648181190000287
cnn_batch_size,4096,fp16,0.07031965650003258,0.09441536120002639,0.0697770499998569,0.30383582200011006
