sweep,depth,precision,median_s,mean_s,min_s,max_s
mlp_depth,2,fp32,0.001038505999872541,0.0010622453999758364,0.0009839560000273195,0.0012546830000701448
mlp_depth,2,fp16,0.0009898375000148008,0.0011390137999796935,0.0009526860001187742,0.0025680230000943993
mlp_depth,4,fp32,0.0018266525000854017,0.0018995123999957287,0.0017770849999578786,0.002121500000157539
mlp_depth,4,fp16,0.0018180204999680427,0.0018736020000460485,0.001782618000106595,0.0020892330001061055
mlp_depth,8,fp32,0.0035782720000270274,0.00947913550000976,0.003350322000187589,0.06187475799993081
mlp_depth,8,fp16,0.003501222499949108,0.0035523524999689473,0.0033226709999780724,0.003958138000143663
mlp_depth,16,fp32,0.0068404534999899624,0.0068796112999962135,0.006319200000007186,0.007684077000021716
mlp_depth,16,fp16,0.007021680499974536,0.0072531866000190345,0.00689928199994938,0.007874258000128975
mlp_depth,32,fp32,0.014070330000095055,0.014462728700027582,0.013438142000040898,0.01661535600010211
mlp_depth,32,fp16,0.013349965999964297,0.013947384599987345,0.012937611999859655,0.01612189299999045
