sweep,depth,device,median_s,mean_s,min_s,max_s
mlp_depth,2,cpu,0.014857402500012995,0.012933440400007611,0.0063232570000195665,0.01586016800001744
mlp_depth,2,cuda,0.002071667499990326,0.002807890499991572,0.0020301549999999224,0.009450139000023228
mlp_depth,4,cpu,0.022399760500007915,0.022697178300001043,0.013121179999984633,0.03465627399998539
mlp_depth,4,cuda,0.004311543000000029,0.00432302230001369,0.004298708000021634,0.004418722000025355
mlp_depth,8,cpu,0.029216429499996366,0.03267732549999778,0.028164258999993308,0.05794176099999504
mlp_depth,8,cuda,0.013608793499969352,0.016888825399996678,0.009084065000024566,0.057304975000022296
mlp_depth,16,cpu,0.07181002900000522,0.0812625842999978,0.058389189000024544,0.11241860299998052
mlp_depth,16,cuda,0.018007971999992378,0.01810722499999997,0.017857165000009445,0.018462218000024677
mlp_depth,32,cpu,0.1585744274999854,0.1698691141999859,0.11620485999998209,0.2442057400000408
mlp_depth,32,cuda,0.03597964299999035,0.03793826099999933,0.03579347400000188,0.04153884599998037
